Imagine,Disfunctie
P1.SCL1.jpg,[ADD]
P1.SCR1.jpg,[ADD]
P1.SOL1.jpg,[ADD]
P1.SOR1.jpg,[ADD]
P2.SCL1.jpg,[ADD]
P2.SCR1.jpg,[N]
P2.SOL1.jpg,[N]
P2.SOR1.jpg,[N]
P3.SCL1.jpg,[ADD]
P3.SCR1.jpg,[ADD]
P3.SOL1.jpg,[N]
P3.SOR1.jpg,[ADD]
P4.SCL1.jpg,[ADD]
P4.SCR1.jpg,[ADD]
P4.SOL1.jpg,[N]
P4.SOR1.jpg,[N]
P5.SCL1.jpg,[N]
P5.SCR1.jpg,[ADD]
P5.SOL1.jpg,[N]
P5.SOR1.jpg,[N]
P6. SOR1.jpg,[N]
P6.SCL1.jpg,[N]
P6.SCR1.jpg,[ADD]
P6.SOL1.jpg,[N]
P7.SCL1.jpg,[ADD]
P7.SCR1.jpg,[ADD]
P7.SOL1.jpg,[N]
P7.SOR1.jpg,[N]
P8.SCL1.jpg,[ADD]
P8.SCR1.jpg,[N]
P8.SOL1.jpg,[ADD]
P8.SOR1.jpg,[N]
P9.SCL1.jpg,[N]
P9.SCR1.jpg,[N]
P9.SOL1.jpg,[N]
P9.SOR1.jpg,[N]
P10.SCL1.jpg,[ADD]
P10.SCR1.jpg,[ADD]
P10.SOL1.jpg,[ADD]
P10.SOR1.jpg,[N]
