Imagine,Disfunctie
P31. SCR1.jpg,[ADD]
P31. SOR1.jpg,[N]
P31.CL1.jpg,[N]
P31.CR1.jpg,[LDD]
P31.SCL1.jpg,[ADD]
P31.SOL1.jpg,[ADD]
P32. SOR1.jpg,[ADD]
P32.CL1.jpg,[N]
P32.CR1.jpg,[N]
P32.SCL1.jpg,[ADD]
P32.SCR1.jpg,[ADD]
P32.SOL1.jpg,[ADD]
P33.CL1.jpg,[MDD]
P33.CR1.jpg,[N]
P33.SCL1.jpg,[ADD]
P33.SCR1.jpg,[ADD]
P33.SOL1.jpg,[N]
P33.SOR1.jpg,[N]
P34.CL1.jpg,[N]
P34.CR1.jpg,[MDD]
P34.SCL1.jpg,[ADD]
P34.SCR1.jpg,[ADD]
P34.SOL1.jpg,[N]
P34.SOR1.jpg,[N]
P35.CL1.jpg,[MDD]
P35.CR1.jpg,[N]
P35.SCL1.jpg,[ADD]
P35.SCR1.jpg,[ADD]
P35.SOL1.jpg,[N]
P35.SOR1.jpg,[ADD]
P36.CL1.jpg,[MDD]
P36.CR1.jpg,[MDD]
P36.SCL1.jpg,[ADD]
P36.SCR1.jpg,[ADD]
P36.SOL1.jpg,[N]
P36.SOR1.jpg,[N]
P37.CL1.jpg,[N]
P37.CR1.jpg,[N]
P37.SCL1.jpg,[N]
P37.SCR1.jpg,[ADD]
P37.SOL1.jpg,[N]
P37.SOR1.jpg,[N]
P38. SCR1.jpg,[N]
P38.CL1.jpg,[LDD]
P38.CR1.jpg,[MDD]
P38.SCL1.jpg,[ADD]
P38.SCR1.jpg,[ADD]
P38.SOL1.jpg,[ADD]
P38.SOR1.jpg,[N]
P39. SCR1.jpg,[ADD]
P39.CL1.jpg,[N]
P39.CR1.jpg,[MDD]
P39.SCL1.jpg,[ADD]
P39.SOL1.jpg,[N]
P39.SOR1.jpg,[N]
P40.CL1.jpg,[N]
P40.CR1.jpg,[LDD]
P40.SCL1.jpg,[N]
P40.SCR1.jpg,[ADD]
P40.SOL1.jpg,[N]
P40.SOR1.jpg,[N]
