Imagine,Disfunctie
P41.CR1.jpg,[MDD]
P41.SCL1.jpg,[ADD]
P41.SCR1.jpg,[N]
P41.SL1.jpg,[MDD]
P41.SOL1.jpg,[N]
P41.SOR1.jpg,[N]
P42.CL1.jpg,[N]
P42.CR1.jpg,[N]
P42.SCL1.jpg,[N]
P42.SCR1.jpg,[N]
P42.SOL1.jpg,[N]
P42.SOR1.jpg,[N]
P43.CL1.jpg,[N]
P43.CR1.jpg,[LDD]
P43.SCL1.jpg,[N]
P43.SCR1.jpg,[N]
P43.SOL1.jpg,[N]
P43.SOR1.jpg,[N]
P44.CL1.jpg,[N]
P44.CR1.jpg,[LDD]
P44.SCL1.jpg,[N]
P44.SCR1.jpg,[ADD]
P44.SOL1.jpg,[N]
P44.SOR1.jpg,[N]
P45.CL1.jpg,[N]
P45.CR1.jpg,[N]
P45.SCL1.jpg,[ADD]
P45.SCR1.jpg,[ADD]
P45.SOL1.jpg,[N]
P45.SOR1.jpg,[N]
P46.CL1.jpg,[N]
P46.CR1.jpg,[MDD]
P46.SCL1.jpg,[N]
P46.SCR1.jpg,[ADD]
P46.SOL1.jpg,[N]
P46.SOR1.jpg,[N]
P47.CL1.jpg,[N]
P47.CR1.jpg,[N]
P47.SCL1.jpg,[N]
P47.SCR1.jpg,[N]
P47.SOL1.jpg,[N]
P47.SOR1.jpg,[N]
P48.CL1.jpg,[N]
P48.CR1.jpg,[MDD]
P48.SCL1.jpg,[N]
P48.SCR1.jpg,[N]
P48.SOL1.jpg,[N]
P48.SOR1.jpg,[N]
P49.CL1.jpg,[MDD]
P49.CR1.jpg,[MDD]
P49.SCL1.jpg,[ADD]
P49.SCR1.jpg,[ADD]
P49.SOL1.jpg,[N]
P49.SOR1.jpg,[N]
P50.CL1.jpg,[MDD]
P50.CR1.jpg,[LDD]
P50.SCL1.jpg,[N]
P50.SCR1.jpg,[ADD]
P50.SOL1.jpg,[N]
P50.SOR1.jpg,[ADD]
