Imagine,Disfunctie
P1.SCL1.jpg,[ADD]
P1.SCR1.jpg,[ADD]
P1.SOL1.jpg,[ADD]
P1.SOR1.jpg,[ADD]
P2.SCL1.jpg,[ADD]
P2.SCR1.jpg,[N]
P2.SOL1.jpg,[N]
P2.SOR1.jpg,[N]
P3.SCL1.jpg,[ADD]
P3.SCR1.jpg,[ADD]
P3.SOL1.jpg,[N]
P3.SOR1.jpg,[ADD]
P4.SCL1.jpg,[ADD]
P4.SCR1.jpg,[ADD]
P4.SOL1.jpg,[N]
P4.SOR1.jpg,[N]
P5.SCL1.jpg,[N]
P5.SCR1.jpg,[ADD]
P5.SOL1.jpg,[N]
P5.SOR1.jpg,[N]
P6. SOR1.jpg,[N]
P6.SCL1.jpg,[N]
P6.SCR1.jpg,[ADD]
P6.SOL1.jpg,[N]
P7.SCL1.jpg,[ADD]
P7.SCR1.jpg,[ADD]
P7.SOL1.jpg,[N]
P7.SOR1.jpg,[N]
P8.SCL1.jpg,[ADD]
P8.SCR1.jpg,[N]
P8.SOL1.jpg,[ADD]
P8.SOR1.jpg,[N]
P9.SCL1.jpg,[N]
P9.SCR1.jpg,[N]
P9.SOL1.jpg,[N]
P9.SOR1.jpg,[N]
P10.SCL1.jpg,[ADD]
P10.SCR1.jpg,[ADD]
P10.SOL1.jpg,[ADD]
P10.SOR1.jpg,[N]
P1.CL1.jpg,[MDD]
P1.CR1.jpg,[MDD]
P10.CL1.jpg,[N]
P10.CR1.jpg,[N]
P2.CL1.jpg,[LDD]
P2.CR1.jpg,[N]
P3.CL1.jpg,[N]
P3.CR1.jpg,[N]
P4.CL1.jpg,[MDD]
P4.CR1.jpg,[N]
P5.CL1.jpg,[MDD]
P5.CR1.jpg,[N]
P6.CL1.jpg,[MDD]
P6.CR1.jpg,[LDD]
P7.CL1.jpg,[N]
P7.CR1.jpg,[MDD]
P8.CL1.jpg,[N]
P8.CR1.jpg,[N]
P9.CL1.jpg,[N]
P9.CR1.jpg,[N]
P21.CL1.jpg,[N]
P21.CR1.jpg,[LDD]
P21.SCL1.jpg,[ADD]
P21.SCR1.jpg,[N]
P21.SOL1.jpg,[ADD]
P21.SOR1.jpg,[N]
P22.CL1.jpg,[N]
P22.CR1.jpg,[MDD]
P22.SCL1.jpg,[ADD]
P22.SCR1.jpg,[N]
P22.SOL1.jpg,[N]
P22.SOR1.jpg,[N]
P23.CL1.jpg,[MDD]
P23.CR1.jpg,[N]
P23.SCL1.jpg,[ADD]
P23.SCR1.jpg,[ADD]
P23.SOL1.jpg,[N]
P23.SOR1.jpg,[N]
P24.CL1.jpg,[N]
P24.CR1.jpg,[LDD]
P24.SCL1.jpg,[ADD]
P24.SCR1.jpg,[ADD]
P24.SOL1.jpg,[N]
P24.SOR1.jpg,[N]
P25 SCR1.jpg,[ADD]
P25.CR1.jpg,[N]
P25.SCL1.jpg,[ADD]
P25.CL1.jpg,[MDD]
P25.SOL1.jpg,[N]
P25.SOR1.jpg,[N]
P26 SCL1.jpg,[ADD]
P26. SCR1.jpg,[ADD]
P26.CL1.jpg,[MDD]
P26.CR1.jpg,[LDD]
P26.SCL1.jpg,[N]
P26.SCR1.jpg,[N]
P27.CL1.jpg,[N]
P27.CR1.jpg,[N]
P27.SCL1.jpg,[ADD]
P27.SCR1.jpg,[N]
P27.SOL1.jpg,[ADD]
P27.SOR1.jpg,[N]
P28.CL1.jpg,[MDD]
P28.CR1.jpg,[N]
P28.SCL1.jpg,[ADD]
P28.SCR1.jpg,[ADD]
P28.SOL1.jpg,[N]
P28.SOR1.jpg,[N]
P29. CR1.jpg,[N]
P29.CL1.jpg,[LDD]
P29.SCL1.jpg,[N]
P29.SCR1.jpg,[ADD]
P29.SOL1.jpg,[N]
P29.SOR1.jpg,[N]
P30.CL1.jpg,[N]
P30.CR1.jpg,[LDD]
P30.SCL1.jpg,[N]
P30.SCR1.jpg,[ADD]
P30.SOL1.jpg,[N]
P30.SOR1.jpg,[N]
P31. SCR1.jpg,[ADD]
P31. SOR1.jpg,[N]
P31.CL1.jpg,[N]
P31.CR1.jpg,[LDD]
P31.SCL1.jpg,[ADD]
P31.SOL1.jpg,[ADD]
P32. SOR1.jpg,[ADD]
P32.CL1.jpg,[N]
P32.CR1.jpg,[N]
P32.SCL1.jpg,[ADD]
P32.SCR1.jpg,[ADD]
P32.SOL1.jpg,[ADD]
P33.CL1.jpg,[MDD]
P33.CR1.jpg,[N]
P33.SCL1.jpg,[ADD]
P33.SCR1.jpg,[ADD]
P33.SOL1.jpg,[N]
P33.SOR1.jpg,[N]
P34.CL1.jpg,[N]
P34.CR1.jpg,[MDD]
P34.SCL1.jpg,[ADD]
P34.SCR1.jpg,[ADD]
P34.SOL1.jpg,[N]
P34.SOR1.jpg,[N]
P35.CL1.jpg,[MDD]
P35.CR1.jpg,[N]
P35.SCL1.jpg,[ADD]
P35.SCR1.jpg,[ADD]
P35.SOL1.jpg,[N]
P35.SOR1.jpg,[ADD]
P36.CL1.jpg,[MDD]
P36.CR1.jpg,[MDD]
P36.SCL1.jpg,[ADD]
P36.SCR1.jpg,[ADD]
P36.SOL1.jpg,[N]
P36.SOR1.jpg,[N]
P37.CL1.jpg,[N]
P37.CR1.jpg,[N]
P37.SCL1.jpg,[N]
P37.SCR1.jpg,[ADD]
P37.SOL1.jpg,[N]
P37.SOR1.jpg,[N]
P38. SCR1.jpg,[N]
P38.CL1.jpg,[LDD]
P38.CR1.jpg,[MDD]
P38.SCL1.jpg,[ADD]
P38.SCR1.jpg,[ADD]
P38.SOL1.jpg,[ADD]
P38.SOR1.jpg,[N]
P39. SCR1.jpg,[ADD]
P39.CL1.jpg,[N]
P39.CR1.jpg,[MDD]
P39.SCL1.jpg,[ADD]
P39.SOL1.jpg,[N]
P39.SOR1.jpg,[N]
P40.CL1.jpg,[N]
P40.CR1.jpg,[LDD]
P40.SCL1.jpg,[N]
P40.SCR1.jpg,[ADD]
P40.SOL1.jpg,[N]
P40.SOR1.jpg,[N]
P41.CR1.jpg,[MDD]
P41.SCL1.jpg,[ADD]
P41.SCR1.jpg,[N]
P41.SL1.jpg,[MDD]
P41.SOL1.jpg,[N]
P41.SOR1.jpg,[N]
P42.CL1.jpg,[N]
P42.CR1.jpg,[N]
P42.SCL1.jpg,[N]
P42.SCR1.jpg,[N]
P42.SOL1.jpg,[N]
P42.SOR1.jpg,[N]
P43.CL1.jpg,[N]
P43.CR1.jpg,[LDD]
P43.SCL1.jpg,[N]
P43.SCR1.jpg,[N]
P43.SOL1.jpg,[N]
P43.SOR1.jpg,[N]
P44.CL1.jpg,[N]
P44.CR1.jpg,[LDD]
P44.SCL1.jpg,[N]
P44.SCR1.jpg,[ADD]
P44.SOL1.jpg,[N]
P44.SOR1.jpg,[N]
P45.CL1.jpg,[N]
P45.CR1.jpg,[N]
P45.SCL1.jpg,[ADD]
P45.SCR1.jpg,[ADD]
P45.SOL1.jpg,[N]
P45.SOR1.jpg,[N]
P46.CL1.jpg,[N]
P46.CR1.jpg,[MDD]
P46.SCL1.jpg,[N]
P46.SCR1.jpg,[ADD]
P46.SOL1.jpg,[N]
P46.SOR1.jpg,[N]
P47.CL1.jpg,[N]
P47.CR1.jpg,[N]
P47.SCL1.jpg,[N]
P47.SCR1.jpg,[N]
P47.SOL1.jpg,[N]
P47.SOR1.jpg,[N]
P48.CL1.jpg,[N]
P48.CR1.jpg,[MDD]
P48.SCL1.jpg,[N]
P48.SCR1.jpg,[N]
P48.SOL1.jpg,[N]
P48.SOR1.jpg,[N]
P49.CL1.jpg,[MDD]
P49.CR1.jpg,[MDD]
P49.SCL1.jpg,[ADD]
P49.SCR1.jpg,[ADD]
P49.SOL1.jpg,[N]
P49.SOR1.jpg,[N]
P50.CL1.jpg,[MDD]
P50.CR1.jpg,[LDD]
P50.SCL1.jpg,[N]
P50.SCR1.jpg,[ADD]
P50.SOL1.jpg,[N]
P50.SOR1.jpg,[ADD]
P11.CL1.jpg,[LDD]
P11.CR1.jpg,[N]
P11. SCL1.jpg,[ADD]
P11.SCR1.jpg,[N]
P11.SOL1.jpg,[ADD]
P11.SOR1.jpg,[N]
P12.CL1.jpg,[N]
P12.CR1.jpg,[LDD]
P12.SCL1.jpg,[N]
P12.SCR1.jpg,[ADD]
P12.SOL1.jpg,[N]
P12.SOR1.jpg,[N]
P13.CL1.jpg,[N]
P13.CR1.jpg,[LDD]
P13.SCL1.jpg,[N]
P13.SCR1.jpg,[ADD]
P13.SOL1.jpg,[N]
P13.SOR1.jpg,[N]
P14.CL1.jpg,[N]
P14.CR1.jpg,[LDD]
P14.SCL1.jpg,[ADD]
P14.SCR1.jpg,[ADD]
P14.SOL1.jpg,[ADD]
P14.SOR1.jpg,[ADD]
P15 SOL1.jpg,[N]
P15.CL1.jpg,[N]
P15.CR1.jpg,[N]
P15.SCL1.jpg,[ADD]
P15.SCR1.jpg,[ADD]
P15.SOR1.jpg,[ADD]
P16.CL1.jpg,[LDD]
P16.CR1.jpg,[LDD]
P16.SCL1.jpg,[ADD]
P16.SCR1.jpg,[ADD]
P16.SOL1.jpg,[N]
P16.SOR1.jpg,[N]
P17.CL1.jpg,[N]
P17.CR1.jpg,[N]
P17.SCL1.jpg,[ADD]
P17.SCR1.jpg,[ADD]
P17.SOL1.jpg,[ADD]
P17.SOR1.jpg,[N]
P18.CL1.bmp,[N]
P18.CR1.jpg,[LDD]
P18.SCL1.jpg,[N]
P18.SCR1.jpg,[N]
P18.SOL1.jpg,[N]
P18.SOR1.jpg,[N]
P19.CL1.bmp,[LDD]
P19.CR1.bmp,[N]
P19.SCL1.bmp,[ADD]
P19.SCR1.bmp,[ADD]
P19.SOL1.bmp,[N]
P19.SOR1.bmp,[N]
P20.CL1.bmp,[N]
P20.CR1.bmp,[LDD]
P20.SCL1.bmp,[N]
P20.SCR1.bmp,[ADD]
P20.SOL1.bmp,[N]
P20.SOR1.bmp,[N]
